,Unnamed: 0,Titre,Type de contrat,Bac,Durée,Début,Nom entreprise,Localisation,Description,Salaire,Period. salaire,url,BacFormat,Deb_format,ContratFormat
0,0,Stagiaire Contrôle de gestion F/H,{'stage'},[' stage de fin d’étude'],,,iQera,Paris (75),"



Stagiaire Contrôle de gestion F/H
 Leader français en gestion et acquisition de créances, iQera accompagne les grandes entreprises et les institutions financières à chaque étape de leur relation financière client en associant culture de l’excellence opérationnelle, intelligence artificielle & humaine. iQera aspire à créer la différence à travers ces convictions :  Réaliser l’inédit  Jouer Collectif  Laisser une empreinte positive  Plus que des CV, iQera recherche avant tout des personnalités qui font la différence. L’entreprise veut bâtir une communauté de collabor'acteurs engagés et atypiques qui sont curieux d'apprendre, ont envie de trouver leur voie, s'épanouir et donner du sens à leur métier. Le Groupe s’appuie actuellement sur une tribu de plus de 2200 collaborateurs répartis sur 15 sites dans 6 pays.  Vos missions au sein de notre Tribu

      Rattaché(e) à la direction financière et au contrôle de gestion, vous aurez pour mission d’accompagner l’équipe de contrôle de gestion.
     
 Vous serez en charge du/de :
     

Pilotage du reporting consolidé du groupe : en lien avec les équipes comptables et du contrôle de gestion vous aiderez au bon déroulement du processus de consolidation du reporting mensuel ; à l’alimentation des données dans notre ERP et de la coordination des contrôles autour du P&L, de la trésorerie et de l’évolution de la dette. 



Réaliser le reporting d’estimation des revenus quotidiens (Daily Cash) à destination de la direction générale et des actionnaires



Contribution au Budget et aux Forecasts : en coordination avec l’ensemble des équipes de contrôle de gestion, vous serez en charge de consolider et contrôler l’ensemble des données de projection budgétaire ou d’atterrissage de fin d’année et de produire les présentations synthétiques à destination de la Direction Générale, du Comex et des Actionnaires.


 Votre profil différenciantBac+5, idéalement pour stage de fin d’études (école de commerce, IAE ou université)
     Très bonne maîtrise de l'outil informatique (Excel en particulier),
     Rigueur et sens de l’organisation,
     Excellent relationnel et esprit d’équipe,
     Bonnes capacités de synthèse et aisance avec les données chiffrées.
    
 Forts de notre positionnement marché, d’une culture portée par la technologie, les expertises de pointe et l’intelligence humaine, nous développons l’ambition de devenir un acteur incontournable de la transformation de notre métier. Notre objectif : améliorer la relation financière client de nos entreprises Clientes et répondre à leurs enjeux de performance.
     Notre groupe est engagé dans une politique en faveur de l’intégration et du maintien dans l’emploi des personnes en situation de handicap. Tous nos postes vous sont ouverts.
     Poste situé sur notre site de PARIS 20 en Stage.
    
 Commencez une nouvelle histoire…
   



",,,https://fr.indeed.com/pagead/clk?mo=r&ad=-6NYlbfkN0BhqHT3jL4aBoMAKnnQX6eUvw3cqRSjWz-QD9bLnxrXbo_MfgD4bCUNCJTxY4cBDa6oV7rvL4q-a4rslkssOj4WHrpLy8EuvkEh-G9NaO2FlcG3TL31SgloxG0v5mH43e2EleUaU8WendCOB61QeJoF2os1p0nlkI7cDlHtNOC5fhwn_HXLig4kz90ZzBaMDHT8E6PlwAKb5Ah7eOslN3TNQy3b1NOjBUbobVnQkF1tbre1HrMOFr9gEqm_HMJCSWIf9R4vIk655ByzjDjbjgAwUNYPWqA9iQ4R0KAJE7bxMlz4NmDzPObHonzXwxXVsp3Hr6UvxPl7w6jTdY-5LLeM8AyEir2WlM34AQpJi8T-KHUyOgfsHo7a6U8PmXkVNyPwxh8zbxXphSCgOuQt88jrF5kQzOlrAB8aEPIXVdJkMOPCDT4H00DWxTq3xPNLyN0eKpX9lpnZxkijB0rUGhB8HOeYMoBpyh0nRYkE6yzFII36gaoCm2CNKzMENHNVTGcpzobe18gdJJnPC9jmCMRtSUbu0sU-py-nSxQ729KIhvuMdJazXBrx&xkcb=SoAS-_M3U2z5iugxaT0PbzkdCdPP&p=0&fvj=0&vjs=3,,,['stage']
1,0,STAGE - Opérations de marchés et crédit export_Process et outils H/F,{'stage'},"['Bac + 4', 'BAC + 3/4']",6 mois,,SFIL,92130 Issy-les-Moulineaux,"Date de publication : 20/10/2022 

Type de contrat : Stage 

Durée du contrat : 6 mois 

Domaine d'activité : Opérations 

Niveau d'études : Bac + 4 

Niveau d'expérience : 0 - 2 ans 

Ville : ISSY-LES-MOULINEAUX (92130) 

Date de publication : 20/10/2022 

 Description des missions 

 AGIR POUR UN MONDE PLUS DURABLE EN SERVANT L’INTÉRÊT GÉNÉRAL 

 Vous souhaitez vous investir dans la finance responsable ? Rejoignez SFIL, banque publique de développement à taille humaine ! 

 Au sein de la Direction des opérations de marchés et crédit export, le service « Gestion des 


opérations de marchés et crédit export est en charge de :


la gestion opérationnelle des opérations de marchés et des opérations de crédit export
la saisie, la validation et la documentation des opérations de marchés,
l’exécution de différentes réconciliations
la production de différents rapports/présentation
la gestion du collatéral sur dérivés et Repo
la gestion opérationnelle des déclarations règlementaires sur dérivés et titres
l’accompagnement projets

Le Stagiaire assurera tout ou partie des missions suivantes :
 Réconciliations et Contrôle des déclarations règlementaires 
Participation à la mise en place de l’activité de Réconciliations, contrôle et corrections des déclarations règlementaire. A ce titre des procédures et modes opératoire seront attendus. 
Participation à l’exécution opérationnelle de l’activité 

Accompagnement Projet : Le stagiaire sera sollicité sur d’autres projets comme la rédaction d’expression de besoins, des suivis, la réalisation de tests, la rédaction de procédure et de modes opératoires. 

Amélioration d’outils : Le stagiaire pourra être sollicité pour proposer des modifications et améliorations des applications, fichiers de proximité. 

Mise à jour de procédures : Le stagiaire pourra être sollicité pour la revue des process et procédures. 

 Profil recherché 


Compétences professionnelles et techniques avérées :


Connaissance Marchés financiers et des produits de taux (dérivés notamment)
Expérience en gestion de projets
Capacité rédactionnelles
Maitrise avancée des outils bureautiques, création de macro

Compétences personnelles :


Organisation, rigueur, réactivité, pro-activité,
Sens du travail en équipe
Aisance relationnelle et diplomatie

Formation et expérience :


BAC + 3/4 minimum en Comptabilité, Finance, économie, actuariat…

Outils :


Une bonne connaissance de Word, Excel, Access, vba… sera appréciée
 Présentation de l'entreprise 

 Quelle place pour nos collaborateurs ? 

 Consciente que la diversité est source de richesse au sein de ses équipes, SFIL accueille tous types de profils et accompagne chaque collaborateur dans sa prise de poste en lui donnant tous les moyens nécessaires pour sa réussite professionnelle. 

 Quel que soit le métier exercé, SFIL veille à offrir des perspectives d’évolution et des opportunités de carrière à ses collaborateurs au moyen d’une politique ambitieuse de développement des compétences, ainsi que par la mobilité au sein du groupe CDC et de son bassin d’emploi. 

 Pourquoi intégrer SFIL ? 

 Nous finançons un avenir durable en soutenant de manière pérenne le développement des territoires et l’activité internationale des grandes entreprises. 
Notre démarche RSE se traduit notamment par notre adhésion aux objectifs de développement durable définis par les Nations-Unies dans le cadre du Global Compact. 

 Qui sommes-nous ? 

 S’impliquer dans nos activités, c’est ainsi contribuer au rayonnement d’une banque publique de développement à taille humaine (< 400 collaborateurs), placée au 7ème rang des banques françaises par la taille du bilan et faisant partie du groupe Caisse des Dépôts (CDC). 
Créée en 2013, SFIL s’est vue confier deux missions majeures de politique publique par l’État : 

 Financer durablement les collectivités locales et les hôpitaux publics français, en partenariat avec La Banque Postale, ce qui nous permet de jouer un rôle clé dans le financement de projets verts et sociaux, tels que la rénovation d’hôpitaux, la création de réseaux de transports publics écologiques ou encore la mise aux normes de systèmes de gestion des déchets et de recyclage ; 
Financer les grands contrats à l’international des grandes entreprises françaises. 

 Nous sommes le 1er émetteur d’obligation sécurisées « secteur public » en Europe via notre société de crédit foncier nous appartenant à 100%, la Caisse Française de Financement Local (CAFFIL).",,,https://fr.indeed.com/pagead/clk?mo=r&ad=-6NYlbfkN0AdLm883ePL_neyO-WkAmmxWAaaRTS0rV1meebv-A6cQeyr7J0tgWJaETODu1CqlBkr9xovaoJ6OEL6zNfd8WdFzRxfVgssLgq1mlxO6exmCoe8vpKaECTfIZQKRWj5sRPiNTEA_Xu5Cgd5blnXBIFPjq2f-deii5qbl0TXzU6yptRhNGkBIt4LB68xrFau6dV1hxxwqJlBdmMyLAEKMxnBwIb5jc6v1HigV_t0mNeG9EBF3TbtANPLvjC1wfxhMJyOtlDFyOSIYOyclYCf2-c1RHBz4dqfRHxeenUdxk9yKOo7GyahFGK8EWr7O9oeQ9L5mpl1wAUI9o1ddlHolv6oltDaQLp9r7KCxZBxHND2UKc_mwSFnl4W-qL598gl2nF9XMd68d6AHmGZNHU3b8aAygZyq8UzebXx2dOIQj5Ouo_VAi0bkerYvzjpcr60b_3-ZrWnrCbMnYx7e-70HnT9MMjjUTQFf7RpfIA3Kt7V4PBUbM07a1cVpcixGBa3tAuZz2f2RMGaVycl-DCugxXQSg9pxd0kEaifcz90B1y8lv23OOzESo0p-Wx50W8qIeFtIUqUGJ0qlMtOMm83v0g7qwvhrq7XkB38OoMol-DzafAfF8pnew9JuLBr1dptaBU=&xkcb=SoCm-_M3U2z5iugxaT0ObzkdCdPP&p=1&fvj=0&vjs=3,bac+4,,['stage']
2,0,Data Analyst en Alternance,{'alternance'},[' baccalauréat '],,,OpenClassrooms,Paris (75),"Avec OpenClassrooms apprenez un métier qui a de l’avenir grâce à l’Alternance et décrochez un diplôme de niveau bac +2 à bac +5 reconnu par l’État.
Développez des compétences recherchées par les entreprises et soyez prêt à l’emploi immédiatement grâce à nos formations 100 % en ligne.
Nous recherchons pour l’une de nos entreprises partenaires, leader du secteur de l’énergie, un data analyst en Alternance.
Les missions du Data Analyst en alternance en Alternance

Collecter et analyser les données de ventes ou de toute autre activité de l’entreprise pour faciliter ses prises de décision.
Interroger les bases de données, interpréter les résultats et en extraire les plus pertinents.
Modéliser les données afin d’améliorer la segmentation client.
Réaliser des tableaux de bord avec graphiques et indicateurs de suivi.
Agréger et nettoyer les données en vue des différentes analyses.

Le profil recherché

Solides aptitudes en mathématiques et analyse statistique.
Vif intérêt pour les langages informatiques, les outils de data visualisation et d’exploration de données.
Aisance relationnelle pour communiquer avec les métiers.
Anglais courant fortement recommandé.

Prérequis à la formation

être titulaire d’une certification professionnelle de niveau 5 (bac+2 ou équivalent) en commerce, économie, finance, gestion, marketing, informatique ou sciences ;
ou, être titulaire du baccalauréat ou d’une certification professionnelle de niveau 4 (ou équivalent) avec une expérience professionnelle d’au moins 2 ans en commerce, économie, finance, gestion, vente, informatique ou sciences.
Langue : un niveau B2 minimum en français avec un certificat de moins de 2 ans.
Matériel : l’accès à un ordinateur (PC ou Mac), muni d’un micro, d’une webcam ainsi que d’une bonne connexion Internet pour les séances de mentorat.

Pour postuler à l’Alternance OpenClassrooms1) Candidatez à l’annonce en remplissant vos coordonnées (nom, prénom, adresse e-mail).2) Vous recevrez un lien pour compléter votre candidature à la formation. Attention à bien consulter les prérequis obligatoires de la formation pour accéder au diplôme.3) Notre équipe de Talent Recruiters vous contactera très vite pour un entretien de pré-qualification.
Scolarité prise en charge par l’employeur. Aucun frais à engager pour les alternants.
Pour postuler à cette offre en alternance, vous devez faire une formation diplômante avec OpenClassrooms ou réaliser un changement d’école dans le cadre d’un contrat en alternance.
Formez vous avec la référence de l’éducation en ligne.
Type d'emploi : Apprentissage
Programmation :

Du Lundi au Vendredi
Périodes de travail de 8 heures
Repos le week-end
Travail en journée
",,,https://fr.indeed.com/pagead/clk?mo=r&ad=-6NYlbfkN0BMABqt-7e8ID0RaR6SJASz4dB9L8cbMUr95Acwx8L6f16Alfvc9DIWw4KPfNoVX4k7v6u0Q2__wY0hQTxzhkGM3JUnE6Q6eUv-I539VqOwlLCiVYR7PeiMKnFeEkZUhkRXMCeYnajCp94Xg307dacbsothvu7lUpBIQepgynR2noclZUzn6Htwetm3oKg9aX4ShNkAtBlOdiCW4jsoZCGskXNCZuED5Vwhh71E8k6ykKIZUToKttJ3t6MX6IkLvVD4__tcdHGWXPV1wGqi_buZ9QkzPlyrQzEj_wVivBZlVMuKTcDMQviMP5ea4p1GVs69jqfEYWk8Yv_PMgftIU3hWTKiY1UWZ4YWvkIVDW6V73C9zczDuK76b0qFf-1B0iPlEUvyO_ibEOjB6lwQjF-RxFnskUP9DvM28sQ0J10y1IVRYmIA76x4_flQqyETQ3WJJlwICVbdaRwUDzSWgkWWJl0qFPEl3aJ54Sfq38xo1NKWVa-NkcMPWDdVwFYQrEt1KYMYw441tde7jzF9S--2CuRV4la16amKNrtaIO-taDRJEB-C6YZBWH0kjtsJKZaqKm2rw_vIpkzi4g93jIFhOox_p1GdEZ4K0YWqJn-sSbUPBX-ypRtZHQzWPIbopzoijux-VUctPSXy2gXl9QwL1lsTIKwH1_ZoAG5yjsVwOFo9_8KF0Ioort29k-CwYnEYuZ-P6wdkgj1lRAG4L_9N4N-yxjVhvzcRK2KvFgZCsA==&xkcb=SoAD-_M3U2z5ipAxaT0KbzkdCdPP&p=2&fvj=1&vjs=3,bac,,['alternance']
3,0,Stage Data Scientist Marketing,"{'temps plein', 'stage'}","[' stage de fin d’étude', ' stage de fin d’étude']",,,SERVIER France,Suresnes (92),"SERVIER France 

 Le programme Data du Groupe est en train de vivre une accélération inédite en mettant sur les rails une toute nouvelle organisation data et rassemblant les compétences clefs en central. 
Pour accompagner cette accélération et l'accueil des nouveaux membres, des points de partage techniques et des rituels d'équipe sont instaurés. Quelques valeurs qui nous caractérisent : bienveillance, exigence et l'audace d'innover. 
Les projets porteront sur les activités Marketing & Promotion du groupe Servier. Vous y travaillerez en étroite relation avec les autres membres de l’équipe pour aider à la création de modèles Analytics et Machine Learning nécessaires pour répondre aux besoins des équipes métier Marketing. 


Responsabilités :


Analyse de données/Modélisation/Advanced Analytics/Machine Learning
Mesure de performance et optimisation des campagnes médias du groupe
Participation à l’élaboration d’une solution groupe d’analyse de la performance media & marketing

A PROPOS DE VOUS :
 Vous souhaitez réaliser un stage de fin d’études au sein de Servier. Vous avez de fortes appétences pour les sujets marketing et pour résoudre des problèmes business. 


SAVOIR-FAIRE :


Connaissances des concepts de marketing
Maîtrise des outils statistiques de base
Maîtrise des langages de programmation Python et SQL
Connaissances des algorithmes de Machine Learning
Maîtrise d’un outil de versioning comme Git
Idéalement : expérience dans un environnement cloud (Google Cloud Platform est un plus) et connaissances des concepts CI/CD et Docker

SAVOIR-ETRE :


Esprit critique et synthétique
Curieux(se), rigoureux(se), structuré(e) et autonome
Enthousiaste dans l’idée de proposer de nouvelles solutions, améliorations, les partager avec vos collègues
Esprit d'équipe et implication au quotidien dans les missions
Bonne capacité de communication/aisance relationnelle
 Le programme Data du Groupe est en train de vivre une accélération inédite en mettant sur les rails une toute nouvelle organisation data et rassemblant les compétences clefs en central. 
Pour accompagner cette accélération et l'accueil des nouveaux membres des points de partage techniques et des rituels d'équipe sont instaurés. Quelques valeurs qui nous caractérisent : bienveillance, exigence et audace d'innover. 
Les projets porteront sur les activités Marketing & Promotion du groupe Servier. Vous y travaillerez en étroite relation avec les autres membres de l’équipe pour aider à la création de modèles Analytics et Machine Learning nécessaires pour répondre aux besoins des équipes métier Marketing. 


Responsabilités :


Analyse de données/Modélisation/Advanced Analytics/Machine Learning
Mesure de performance et optimisation des campagnes médias du groupe
Participation à l’élaboration d’une solution groupe d’analyse de la performance media & marketing

A PROPOS DE VOUS :
 Vous souhaitez réaliser un stage de fin d’études au sein de Servier. Vous avez de fortes appétences pour les sujets marketing et pour résoudre des problèmes business. 


SAVOIR-FAIRE :


Connaissances des concepts de marketing
Maîtrise des outils statistiques de base
Maîtrise des langages de programmation Python et SQL
Connaissances des algorithmes de Machine Learning
Maîtrise d’un outil de versioning comme Git
Idéalement : expérience dans un environnement cloud (Google Cloud Platform est un plus) et connaissances des concepts CI/CD et Docker

SAVOIR-ETRE :


Esprit critique et synthétique
Curieux(se), rigoureux(se), structuré(e) et autonome
Enthousiaste dans l’idée de proposer de nouvelles solutions, améliorations, les partager avec vos collègues
Esprit d'équipe et implication au quotidien dans les missions
Bonne capacité de communication/aisance relationnelle
",,,https://fr.indeed.com/pagead/clk?mo=r&ad=-6NYlbfkN0CJbPVN6LmpagNeY7lA_jwg9AxaLeLIqewDxzRMiSdZMlTprUXTAic6qiUqfyOul2XyrDP-BzgKBEZ5Msk3f1lwuZeSZVHy_bOzEB7eEj5iZKc23btq-fHa7KAC0SFmmliXmPuk3oSU9zfgHaRuyONmmaDrUtJ0_Rk8lh_h7LBimAf4OseM75F4tKCIjKXC_enyo9kj0NpDxbO51bmUJL3t0aXiFU6Q9ZuPOfY8eTYQ57nDKv4p9FJ0yjfvNZtskboizAyQRaSt4Fa0Otkaft1gc4E7iPI23_k6i8a9sYmGPaCeACqkbEKq21wl8zeoKYdvpMCx-_5axthht9W0gYatf_vSNpux5tzzEcEio-2jPWBNHDYQlSI_qlPqps6Ml4uXu5n87qBsfQcieU0U5j12w18nFXfW8SqhmxrDtNcptdjNdTC9xO9q9EZ-yDu97kp537NEAnvBglnJ48GC9xsXnf0o5w58YjbVqYIJsb-VkJ-gI2HSGnN4Q1NJuolULj9l9JXWB7AV7Q==&xkcb=SoAq-_M3U2z5ipAxaT0IbzkdCdPP&p=3&fvj=0&vjs=3,,,['stage']
4,0,Stage Assistant Marketing H/F,{'stage'},['Bac +4/5'],6 mois,,Groupe Royer,Sèvres (92),"
PRÉSENTATION DE L'ENTREPRISE

Le groupe Royer, c’est 77 ans de passion et d’énergie. En intégrant notre groupe spécialisé dans le développement et la distribution de marques fortes d’équipement de la personne (chaussures, textiles et accessoires), vous pourrez vous exprimer avec votre propre style dans un métier à votre « pointure ». Notre ambition ? Développer une offre produit complète et diversifiée : Kickers, Mod 8, Aster, Robeez, Umbro, Everlast, Caterpillar, Piola, Charles Jourdan et plus d’une vingtaine d’autres marques distribuées à l’international. Autonomie, responsabilité, challenge bienvenue dans un groupe familial qui se réinvente en permanence.

Descriptif du poste

Au sein de la direction des marques distribution (Caterpillar, Diadora, Native ), nous recherchons un(e) stagiaire Assistant(e) Marketing dans le cadre d'un stage de 6 mois, sur notre site de Sèvres. Sous la responsabilité du Directeur de marques, vos missions seront les suivantes :
 
Marketing :

Participation à l'élaboration des documents pour la Collection Hiver 23,
Participation à l'élaboration d'outils pour les réseaux sociaux ou les Grands Comptes,
Préparation des séminaires,

 
Commercial :

Travail sur les outils sell-in (catalogues, BDC ),
Travail sur les outils de gestion (fichiers de stocks...).


Profil du candidat recherché

Actuellement en formation Bac +4/5, type Ecole de Commerce, spécialisé(e) en Marketing, vous avez une première expérience en entreprise qui vous a permis d'avoir une bonne approche des techniques de marketing. Vous maîtrisez les logiciels de PAO (Photoshop), le pack office (notamment Powerpoint), les outils Web ainsi que l'anglais et avez d'une orthographe irréprochable. Doté(e) d'un excellent rédactionnel, vous êtes dynamique, rigoureux(se), curieux(se), créatif(ve).

",,,https://fr.indeed.com/pagead/clk?mo=r&ad=-6NYlbfkN0AcOGRO7NMCdqPyrTJQuGXx53dnASylO0TaqmsQz4FF5VaIz61djjGYto3-SRE7zFnsUvwXuKDHkhCoeFw_SvVfQeGrSchFOxgSNd4OYGY6xyvv_Y-wYStFzg4M8O6y59_NM2nx54a6_pxdxQMgA6IP443dYKGbNBchjsUQK5IBwDLmiIKYTstBTC63pO_qjp8Qg9rTzyNy4Dhe50QZMyEyezCRVlNGnm4T6yqxbrKynlk5IgRht6Cs2xScEXd-N7SWN3KVgdqIovNnsJVj3w_u5t9lmxdh1qb7ZU5o7wAeyy6bzoSRU0ZITEMd4cSiMIA4rMWTq2mkrWJqp4nYsUBqdfF1dSaYkmuUrew19k0Ami3s6xyEQNZpDEbIHpnlSvoLyA3lS-_liwfTAAp8JbLkY5xA3Gz40Bxz3MJZ-X6NGoEm29TtDbsKPl0fTOrN8hqrF0owgDwAZLkmke_rwh_uyZmlTgz0Z8aGgRo3G5-8kDPVf5bpQaS9NFbPs-Q-XXau0p3E0Bae2ZHxPCIsdRIfKyvhehsLIppRfZq2slrH3pd2IST84IeSNlDuepCvGjoIyQcwGXgKsFV2uANI5l7NMpF8Je3yE7Pbc7PtkHwBeXthnRzBGtmO&xkcb=SoAQ-_M3U2z5ipAxaT0ObzkdCdPP&p=4&fvj=0&vjs=3,bac+4,,['stage']
5,0,Stage Ingénieur Méthodes industrielles F/H,"{'temps plein', 'stage'}",,6 mois,,Tipiak,44860 Saint-Aignan-Grandlieu,"
Rattaché(e) au Responsable Méthodes Production, vous intégrerez un service de 35 personnes et contribuerez à l’optimisation du rendement de l’une de nos lignes de notre atelier conditionnement. 

Pour cela, vos missions seront les suivantes : 

Réaliser des chantiers d’amélioration 


Animer des groupes de travail 


Créer et diffuser des modes opératoires de réglages 


Analyser, rechercher, proposer de nouvelles méthodes de travail. 


Ce stage très terrain nécessitera des échanges très réguliers avec les conducteurs de ligne.




Bac +4/5, en production, méthodes, industriel ou mécanique. 


Connaissances des outils de bureautiques 


Connaissances en industrialisation 


Qualités requises : autonomie, curiosité, capacité à innover, et rigueur 



Poste à pouvoir en mars 2023 pour une durée de 6 mois

",,,https://fr.indeed.com/pagead/clk?mo=r&ad=-6NYlbfkN0C8tu-1rtb0WGHsCHDyvM4klYGFqRjHdhnmcW-uhbb91WCrOdaP74ANZA-5y6G_Jb1cGtNhZhyHkNYknM4D1FgKDicFsUCEqls2uyUis9P3H6ebFhymbx9bsjQUINKlWjw61CbQLdV-n4DCroR_d8YaQXXTFM4DDefZlSdXQE2cL-ZEyVKiTPr81B4lxB0XmLD6kckVbpTBOz4uU4vpSZ5-dqMk8v87Fi19pUymDVRoEMoxOsk2jv9uyyz3szN7P-P4eU4Xqm_q9QJXu_FLhkq1SZ0LKGwQ2-YrDcGRERW2UVzP9LP3IBXfPz6d-cnNdSmkjEZsXX-TKCyFKAXr6f9d9__34LRMqUrdKpMuWfuYIpN2y20n1ntogIIRtytetYaApVgMNsWYoNenMhc6QqRiXtUE8MgJZSC8uEjbMIMqgLvkyk0BFHdCzt4u8fOPSZYCk-1Gt7PaDc97Un0MN1Hxt35LHBd7EDPKCKsgc-RqOpAh987r-0G5uxQzU7QKk55AyNHw9d6W9nOZSi_J3eLgE6tXpwASiG_nmZpAdIhJhVaEjvylY_qIXInENenXo8_XZ9Yf1SkT5XMIovIQRgZuBGyIckg5AVSQ_PTwQf7VNeocbWoAqfdFn6kr8ad_0iygjo7XVUAZz1o-vOlq391K6XU_36PNhBZMXegMeLAjPw==&xkcb=SoCN-_M3U2z5ipAxaT0NbzkdCdPP&p=5&fvj=0&vjs=3,,,['stage']
6,0,Assistant Chef de Projets Evenements,{'stage'},,,juillet 2023,Christian Dior Couture,Paris (75),"


Country / Region : France 
City : Paris 
Business group: Fashion & Leather Goods 
Contract type: Internship 
Function: Communication & Events 
Experience required: Beginner 
Reference No.: CDC07752 
Date of publication: 2022.12.21 



Position

From the House of Dreams to the House of Talents
 Au sein du service Evénementiel - département Communication, le stagiaire sera en support de l’une des Chefs de Projet en charge des dîners, soirées et cocktails pour la Maison dans ses tâches quotidiennes.
 Il participera à la coordination et organisation des événements locaux et internationaux, qui contribuent à la stratégie d’image de la maison Dior et à son développement de portefeuille clients.



Recherche fournisseurs pour les dîners, soirées
Recherches tendances, recherches visuelles
Suivi de production: décors et éléments développés pour les événements
Coordination du matériel graphique (invitations, menus…)
Aide logistique : envois de matériel dans les pays et coordination des flux du stock de décors des événements
Présence événements pour aide à la mise en place
Organisation voyages (réservations, formalités demandes de visa, etc)

Aide processus et suivi de facturation



Profile


Vous justifiez idéalement d’une 1ère expérience dans le domaine de l’événementiel
Vous manifestez un intérêt particulier pour l’art de vivre et l’art de recevoir
Vous avez le sens du détail et de l’organisation
Français / Anglais – courant
Maîtrise parfaite de Pack Office
Dynamisme, rigueur, gestion du stress, esprit d’équipe, réactivité, polyvalence et curiosité vous permettront de réaliser au mieux les missions qui vous seront confiées



 Ce que vous apprendrez au cours de ce stage :
 À travers ce stage, le/la stagiaire développera son sens de l’organisation et découvrira toutes les facettes de la production événementielle.
 A l'attention des candidats : Veuillez noter que notre période de recrutement se déroule du mois de janvier au mois de mars, pour un stage à pourvoir en juillet 2023.
 Encourageant la diversité sous toutes ses formes, Christian Dior Couture s'est engagé depuis 2013 dans une démarche en faveur de l'emploi des personnes en situation de handicap.



",,,https://fr.indeed.com/rc/clk?jk=3e0522d9c0dddfb7&fccid=6a2be34af774e2bb&vjs=3,,juillet 2023,['stage']
7,0,STAGE - ASSISTANT ADMINISTRATIF (H/F),{'stage'},,,,UCPA,Paris 12e (75),"

L'entreprise : UCPA Vincennes

Depuis sa création, l’UCPA n’a qu’une vocation, permettre à tous d’accéder au sport dans un esprit de partage, de solidarité et de cohésion sociale. Fondée sur la passion du sport, l’UCPA, au fil des décennies, est devenue LA référence des vacances sportives permettant aux jeunes d’accéder à tous les sports encadrés par des professionnels reconnus et diplômés. Plus qu’un job, l’UCPA est une aventure humaine où l’apprentissage de soi et des autres permet de vivre des expériences uniques. L’UCPA est une véritable école de vie où le temps d’une saison comme le temps d’une carrière, progresser, s’améliorer, se dépasser pour soi comme pour les autres est un leitmotiv.
 L'UCPA est attachée à la mixité et à la diversité. Ses équipes de recrutement ont été formées à la non-discrimination à l'embauche.
 Au cœur du Bois de Vincennes sur 3 ha, le centre équestre Bayard UCPA Vincennes accueille toute l’année un large public pour des activités variées adaptées à tous. Le centre compte près de 140 équidés et pas moins de 1800 cavaliers. Dans le cadre de l’accroissement d’activité dû aux inscriptions, nous recherchons un stagiaire assistant administratif.







Assister l’équipe administrative en période de réinscriptions des adhérents (répondre aux appels téléphoniques et aux mails)
Accueillir et renseigner le public sur les activités proposées
Effectuer les inscriptions sur le logiciel Kavalog
Assister l’équipe sur la gestion de la facturation
Créer du contenu pour les réseaux sociaux du centre (post, affiches, photos etc…)





De bac +1 à bac +3 ta formation n’est pas un critère déterminant, ce sont tes compétences qui nous intéressent. Tu es à l’aise avec les outils informatiques et notamment Google Workspace Tu sais te montrer agréable avec le public et t’intégrer dans une équipe


 Enfin, tu es motivé(e) et dynamique (les périodes d’inscriptions peuvent se montrer sportives) La connaissance du milieu équestre est primordiale. Une expérience du logiciel kavalog serait un plus.


 Ce stage conventionné est à pourvoir de mi avril à mi juin 2022. L’amplitude de travail comprend le samedi et le dimanche.


Salaire et avantages
Salaire : Salaire selon profil 



Date de démarrage souhaitée : 10 avril 2023
Référence : AB2731DS

",,,https://fr.indeed.com/rc/clk?jk=0bd1500c7685b832&fccid=8520b8905ed5c573&vjs=3,,,['stage']
8,0,Prácticas Asistente comercial España y América Latina,"{'temps plein', 'stage', 'télétravail temporaire (covid-19)'}",,,,GlobeSailor SAS,75017 Paris 17e,"GlobeSailor SAS (www.globesailor.es) es la agencia líder del alquiler de barcos en todo el mundo. Con más de 10.000 barcos y 900 empresas de chárter, es el líder mundial de las vacaciones en barco. Empresa joven y dinámica con sede en París, donde buscamos una persona en prácticas que ayude con el soporte al equipo comercial en español.
MisionesLa persona en prácticas trabajará junto con el equipo comercial y se encargará de la negociación entre clientes y empresas de chárter. Las principales tareas estarán ligadas al departamento comercial: gestión y asistencia a clientes, negociación.
Perfil

Capacidad de trabajar en autonomía
Óptimas competencias comerciales
Interés y conocimiento en el mundo náutico (pasión por la vela y experiencia náutica)
Español como lengua materna
Conocimiento del francés y el inglés
Conocimiento de Internet e interés por las nuevas tecnologías
Buena capacidad de relación

Contrato: prácticas de 6 meses (inicio de las prácticas en marzo 2022) – Convención de stage, convención de prácticas obligatoria
Entrevista: primera entrevista por teléfono y segunda entrevista en la sede de ParísLugar: París
Télétravail

Temporairement en raison du COVID-19

Tipo de puesto: Tiempo completo, Beca / prácticasDuración del contrato: 6 meses
Expérience:

commercial H/F: 1 an (Optionnel)

Langue:

Espagnol (Exigé)

Permis/certificat:

Permis B (Optionnel)

Disposition à l'égard des déplacements professionnels:

25 % (Optionnel)

Lugar de trabajo: Una ubicación
Fecha de inicio prevista: 13/02/2023",,,https://fr.indeed.com/pagead/clk?mo=r&ad=-6NYlbfkN0BFO1b2yDHRCNrkTo-doepwixsAXPAZBA_qVPBv6z9wuAlTrYo9TqD6hYLn-GrheMjSEEs6jaJpwL0zSRFcb916n7t6JOD1PZ-n7ghr-589fg_b8_iiiF2D_q410KWKmkSiZVc86DDujy8zRmaNkk2ZVE-nBzyRftQdiWg87Xc_KPAOsHjIqGr0qR90ntPxWle8Qd5OV9wTpV-rJTW7HLdOWgvi_1eDTKpRPjBgRim8d-QVo_H2hWrJeJipUQJhalZHltGfqFbxHkLThjeIRNxYhWhELurGseX5PFMNW17XwwILNgRNS1omMhgJptdiHWsm0UubY8hMfz50UgceL6-ziuRw5Gdu7HY57gHmk4rHRWQQOHQfsN-ZMOP2c82hOD71ZBSe55cqfWh6nIJD0opepUgWacmV7nNeOOxrIziIDTKN27pmg-VwBkH1AVI-qL7u5T456dNvq-o4UHrahpG5NIIPfFPaQQ9fbOYze0tqBlVr2-R9gGxTN64SIJt8Nw5TUHlANwV3cnrw4uKzFFsvII4mYadtRf46i2Avw148NskxwE-G-uWLtQwtYzAeaSMXxxNHS-n5aQ==&xkcb=SoDb-_M3U2z5ipgxaT0JbzkdCdPP&p=8&fvj=1&vjs=3,,,['stage']
9,0,STAGE DE COMPTABILITE H/F,"{'télétravail', 'stage'}","[' CAP ', ' BEP ']",6 mois,01/02/2023,SOLENDRO,Paris 2e (75),"Nous recherchons un(e) étudiant(e) en Comptabilité Générale à temps plein pour une durée de 6 mois.
En collaboration étroite avec les deux co-fondateurs de la société et la comptable, vous serez principalement en charge des missions suivantes :
· Traitement de l’ensemble des opérations courantes (saisie des encaissements et échéances fournisseurs, etc..),
· Suivi et analyse de la trésorerie (Rapprochements bancaires),
· Assurer la bonne comptabilisation des charges, produits et factures,
· Suivi et réalisation des arrêtés comptables,
· Établissement des déclarations fiscales,
· Préparation des données financières dans le cadre de l’établissement des rapports annuels et documents d’informations périodiques.
La liste des missions peut évoluer en fonction de vos propositions et de l’activité.
-------
SOLENDRO
Fondé en Janvier 2012, Solendro.com est le Grand Magasin Online des Sous-Vêtements Masculins. Un distributeur multimarques innovant où se retrouvent toutes les collections et tous les styles de l’Underwear masculin, des plus grandes marques (Dolce & Gabbana, Calvin Klein, Armani) aux jeunes créateurs (Muchachomalo, Dagobear).
Lancé avec l’ambition de devenir le Sarenza des sous-vêtements pour hommes, Solendro.com est une start-up dynamique et ambitieuse qui a réalisé plusieurs campagnes TV et cherche à s’entourer des meilleurs talents pour construire une équipe solide et booster sa croissance.
Vous êtes rigoureux, impliqué et efficace ?
Vous voulez participer à notre « success story » et progresser dans un environnement motivant, drôle et décalé ?
Rejoignez-nous !
------
LE PROFIL
Vous êtes titulaire d’un CAP ou BEP Comptabilité et Finance. Une première expérience à un poste similaire en entreprise ou en cabinet d'expertise comptable est un plus.
Autonome et d’une très grande rigueur, vous êtes force de propositions et vous souhaitez vous investir au sein d'une jeune entreprise en plein essor.
Vous possédez de bonnes capacités d'analyse et de reporting, et d’une bonne maitrise d’Excel.
-------
CONDITIONS
Contrat : Stage uniquement (pas d’apprentissage ni d’alternance)
Durée :  6 mois
Date de démarrage : Février 2023
Lieu de travail :  75002
Rémunération : Fonction de l’expérience
Type d'emploi : StageDurée du contrat : 6 mois
Salaire : 700,00€ par mois
Programmation :

Périodes de travail de 8 heures

Lieu du poste : Télétravail hybride (Paris 2e arrondissement (75))
Date de début prévue : 01/02/2023"," 700,00€ ",mois,https://fr.indeed.com/company/SOLENDRO/jobs/Stage-Comptabilite-444b3290e1a8cfe5?fccid=066c70a780cf2de3&vjs=3,bep,Février 2023,['stage']
10,0,Marketing Research Consultant - Stage conventionné (minimum 4 mois),"{'temps plein', 'stage'}",['Bac+3'],6 mois,,iligo,75001 Paris 1er,"A PROPOS DE NOUS :
Créée en 2010, iligo est une agence d'études dédiée à la compréhension des comportements de consommation et à la mesure des leviers marketing.Elle fait partie des instituts les plus primés pour ses projets innovants (Syntec/Trophées Etudes & innovation 2016-2022) et a intégré le Top 500 des entreprises les plus dynamiques de la French Tech.
Soucieuse d’associer les enjeux sociaux et environnementaux à son activité et dans sesrelations avec ses différents partenaires, iligo dispose depuis 2 ans d’une charte RSE.Ses clients sont des marques, agences ou institutions.
Parmi elles : Google, Twitter, TF1, France Télévisions, Luko, Allianz, La Poste, Engie, Célio,Lapeyre, Renault, Danone, Nespresso, Materne, Publicis…
MISSIONS DU STAGE :
En étroite association avec les collaborateurs de l’agence, vous participerez à la réalisation d’études quantitatives et qualitatives sur des sujets pouvant aller de la compréhension shopper, à la mesure d’efficacité publicitaire, aux bilans d’image de marque, aux tests de packaging.
Vous pourrez notamment contribuer à l’élaboration et au scripting de questionnaires, à la réalisation d’entretiens ou de réunions de consommateurs (interviews, prises de notes et traitement des données récoltées), de protocoles d’études innovants (Eye-tracking, web analytics, …), de dossiers thématiques, d’analyse de stratégies publicitaires et de plans médias ainsi que d’une veille sur les tendances marketing et média.
COMPETENCES REQUISES :
Nous recherchons une personne curieuse, dynamique, polyvalente avec un esprit logique, disposant d’un intérêt prononcé pour la compréhension des comportements humains, la communication, les médias, le digital et le marketing, ayant le goût pour les chiffres et aimant échanger avec les individus.
PROFIL :
En formation, de niveau Bac+3 minimum en statistique/psychologie/ marketing/ commerce, parlant anglais et maîtrisant la suite office (notamment Excel et PowerPoint).
Notre offre vous intéresse ? Alors, n’hésitez pas ! ;)
Type d'emploi : Temps plein, StageDurée du contrat : 6 mois
Salaire : à partir de 600,60€ par mois
Avantages :

Participation au Transport
Travail à domicile

Programmation :

Du Lundi au Vendredi
Travail en journée
"," à partir de 600,60€ ",mois,https://fr.indeed.com/pagead/clk?mo=r&ad=-6NYlbfkN0D2l6ElyA9VUXca8LNQNCtNiPNz20dHPL6tmfgWaN-3nz3bBT414-pas9GTFlh5wjx2ssXLwuaLNxjYYt_OfvjW1Rrf9zI9Vr7GZKNM8wJR24HvFrXVPIMhYxMM2Zie8_WleD1lNcSLDCgxTa4H4CoxEg2TRvG6AYMr-WqZLCfyrR-uo_fqkL6fuQMZi6KbQKrLUJqG3MVUnEdnG6pY0wE_JXYqYUHhq6JyUGZdQOcXa9Ea0eGL2cFOI94XPOFkgMOHxvfbMH9B6gSDajc67jLGa6XnpaKoh9XBCOt1cDdHL4cceYQX-GQcJ94owQM2Ez_mIac9OMBmVwxi1Tfk3lU1NVGGFy_EzEUTP2c3BEAVUT1qjX6FwEllUVknxPVypO7iGq_9lWrhg00s9HkK2rtGAJZE1qBi5qN-3md8nH6hJQX_rDYEm1G9Vhkd8Ko9orQt-FL4VVvyFwwwJcOpEtowWYSnZTYv1ZkkcmMyjpTr3qyIUzB4c815QHWCyt_CXwzCqngJKVcGkZ-5u9ckFAGuLb-W73w0Bx8p_FQcwyroay6m6Fr19S-IODyybjLQZFE=&xkcb=SoBr-_M3U20M677ezh0PbzkdCdPP&p=0&fvj=1&vjs=3,bac+3,,['stage']
11,0,Stage 6 MOIS - Chargé(e) de marketing opérationnel H/F,"{'stage', 'cdi'}",,6 mois,,L'Addition,75019 Paris 19e,"L’Addition, leader du marché de la caisse enregistreuse sur iPad en France, a pour ambition d’accompagner les restaurateurs dans l’ensemble de leur métier. Avec une interface ludique et interactive, notre solution offre aux restaurateurs plus de 300 fonctionnalités allant de la prise de commande jusqu’à la comptabilité en passant par la gestion des stocks et l’envoi en cuisine.
Leader sur la caisse iPad, depuis 2012, 10 000 clients, nous ont déjà fait confiance, et ce n’est qu’un début ! Pour répondre à nos ambitions toujours plus grandes, nous recrutons, en 2022, dans tous les domaines d’activité. Nous sommes convaincus que l’humain fait le succès d’une entreprise et que l’on peut travailler efficacement dans une ambiance festive.
Notre ADN : créativité, performance, et beaucoup de bonne humeur !
Nous sommes convaincus que l’humain fait le succès d’une entreprise et que l’on peut travailler efficacement dans une ambiance festive, c’est pourquoi L’Addition a obtenu pour quatre années consécutive le label Happy at Work !
Intégré(e) à notre super équipe marketing basée à Paris, vous serez au cœur de la stratégie d’avant – vente !
A ce titre, votre poste se divisera en deux axes, avec pour mission principale diffuser de la bonne humeur au quotidien :
Marketing / Communication (50%):

Optimiser les différents canaux d’acquisition Marketing
Gérer des opérations de communications papier à destination des prospects : traitement base de données, gestion des envois ; suivi et analyse des performances.
Mettre en place des opérations de fidélisation client.
Rédiger des contenus

Lead management (50%) :

Être support à la qualification des leads entrants pour les transmettre à notre super équipe commerciale
Remplir consciencieusement notre outil de Customer Relationship Management (CRM)
Participer au suivi et à l’analyse des performances des campagnes marketing et commerciales

Notre offre :
Type contrat : stage de 6 mois à partir du mois d'avril/maiUne rémunération d’environs de 900 euros avec primes trimestrielles, selon les objectifs fixésUne carte ticket restaurant.
**Le + chez L'Addition** :
- Possibilité de faire du télétravail
- Un parcours d'intégration spécialement conçu pour toi
- Café, eau, fruits et de la bonne humeur au quotidien
- Etre accompagné(e) par Mathilde, notre fabuleuse responsable Marketing & CRM -> son profil linkedin : https://www.linkedin.com/in/mathilde-le-hir-a37357157/
Type d'emploi : CDI, StageDurée du contrat : 6 mois
Salaire : 900,00€ par mois
Avantages :

Titre-restaurant

Programmation :

Du Lundi au Vendredi
Travail en journée

Lieu du poste : Un seul lieu de travail"," 900,00€ ",mois,https://fr.indeed.com/pagead/clk?mo=r&ad=-6NYlbfkN0Cy-uxrT4fPzNdk1m00pcK-Ga3MdCkio9zRvKqIXa6wG3Udf3xbQIFFTKEpCr9R1rAdx51-4tcdj8Yv_TopFFnY9yTvkf0CC0oxIqxGTaDBdIJK5oTwtO1s_8muW8EKj8cCn6AyN_MSjphrclyQEBUw2e_mzYCnsP2_ab6whSpS8sfLfSF3xcWvs7x9sWtyarlABGAxWgpNqn21iY9z_fWrD3I_Kh-FYQgbzxjGVx2bag5zcUxRoHYzksHTF17zu6KoBSR218rd3yOVia_gwlQct13jywLKPsDXswZv6p-x_QamCKBnswehfilQTpTqw-AGriyZJKDbz7GpO3qDBk1WoK0QXoEZLKVWhxPyU8oDt_A03yFifl108g0D3QUh9-TcXOSfiJsI6JhLDY9chpCrTC2prw1qiOniL9AWt4ibkwCPCYi5VasIuwA0qggDHKbiNrsYbihfNEhaBwz7Y2Yx0DHKzqw906skgl_VVOE5XohHjygThCRAySc18nxFeaLqH0BZORbDKg==&xkcb=SoBC-_M3U20M677ezh0NbzkdCdPP&p=1&fvj=1&vjs=3,,,"['cdi', 'stage']"
12,0,ASSISTANT(E) MAKETING ET COMMUNICATION DIGITALE,"{'stage', 'alternance'}",,6 mois,,Agence Plus,92300 Levallois-Perret,"MISSION PRINCIPALE
Développement de l'activité commerciale, grâce à l'élaboration de différentes stratégies de marketing et de communication.
Vous interviendrez en tant qu'assistant e-marketing, dans le but de mener à bien des projets digitaux.PROFIL RECHERCHÉ H/F- Ambitieux, curieux.
- Cultivé, aux aguets de l'actualité et des nouveautés.
- Créatif et autonome.
- Savoir prendre des initiatives
- Maîtrise des réseaux sociaux.
- Qualités rédactionnelles.
- Maîtrise du pack office.
- Bon niveau d'anglais
MISSIONS DU POSTE
Contribuer au développement du trafic internet : développement de stratégies de communication, mettre en place des actions innovantes pour améliorer notre relation clients, SEO (référencement naturel).
Participer à la remise en question de notre site internet (UX design et UI design)
Étude de marché et développement à l’international.
Réseaux sociaux : création de contenus, programmation de publication, analyses des retombées. Campagne : Rédactions d'articles, propositions de contenus, création de newsletter, envoie de la newsletter.
Analyses des performances mise en place : analyse trafic et visibilité.
Veiller à la satisfaction client, être à l'écoute pour adapter nos solutions suite à leurs requêtes. Apporter des axes d'amélioration pour faire évoluer nos services.
Assurer le suivi d'un portefeuille client et veiller à la bonne tenue des projets.
Participer à l’organisation de notre participation au salon RENT,Real Estate & New Technologies
Mise en œuvre de plans d'actions de communication : jeux concours, partenariat...etc. Nous sommes ouverts aux propositions
Type d'emploi : Stage, AlternanceDurée du contrat : 6 mois
Salaire : 700,00€ à 1 000,00€ par mois
Avantages :

Participation au Transport
Titre-restaurant

Programmation :

Du Lundi au Vendredi

Lieu du poste : Un seul lieu de travail"," 700,00€ à 1 000,00€ ",mois,https://fr.indeed.com/pagead/clk?mo=r&ad=-6NYlbfkN0Djyv1LTXnJHNQYx1nxtb5fNZBz3YHFCw9rWgsG_IZXSd9klby3f4JvL_8Lwx1bwBT39HWbf-AcJjPg2y2hA_zAKN4myz9feVDtSrw_lWECSqzTKLPeF02FFDdRqGhTvZWeGr-uf7pBc7SjRsuickJY4TfKL8dgZVCFLjGC_qpHvkMG2eWmDyUtWSsHAyn77p0xArH1i86wuCnsi2a_a-xauvUUtuPlS4uehuvm_rDG0c8qv5KXztJWrUe1fuYI6UVk8bm2if06d68VY-IO94f_pKIYLfdTO_PaikjjLvi6PJiW2PjC400YPvGJFJkDy93nMZcdg_fWzUDp-J1jTByPqDwu2vVfjVnLKHO4yVZIEhnrKHlAY8alNgHkrxxcpHkIZXhvarfT2e70KmF1uvyle9VbyslQDXgWDdbGVw_D5hTizsS9AGbhw2tVEMcXtIcC1aE0ESHMEui4pMxIlUMjAdFbVVzpcMomXvkJ8uGbdsoKLOv1ElndCU7G-sQEKVxVU2_SA_u721YehtI4h_aH&xkcb=SoD2-_M3U20M66bezh0LbzkdCdPP&p=2&fvj=1&vjs=3,,,"['alternance', 'stage']"
13,0,Stage Assistant chef de projet H/F,"{'temps plein', 'temps partiel', 'stage', 'télétravail'}",,6 mois,,Ace Gaming,94200 Ivry-sur-Seine,"Voici les missions :
Sous la responsabilité du Chef de Projet, vous participerez activement à l'organisation des événements et à la stratégie de croissance de l'Entreprise. Vos missions seront les suivantes :

Gestion du portefeuille clients : RDV et compte rendu, mise à jour des plannings et du budget.


Coordination des prestataires et intervenants


Organisation de la logistique d’un evenement


Réflexion et propositions de stratégies de communication liées à l'animation des réseaux sociaux.


Création de contenu en binôme avec le responsable éditorial


Réflexion éditoriale et rédaction


Analyse du marché et veille constante sur les tendances de l'Esport


Vous êtes organisé(e) et rigoureux(se)


Vous avez une appétence pour le monde de l'événementiel et l'esport


Vous êtes doté(e) d'un bon sens du relationnel


Vous êtes créatif(ve) et faites preuve d'agilité et dynamisme en toutes circonstances


Vous êtes reconnu(e) pour vos belles qualités de savoir-être

Information Stage

Stage de 2 mois à 6 mois
Tu es autonome, rigoureux(se) et structuré(e)

Type d'emploi : Temps plein, Temps partiel, Stage
Salaire : à partir de 200,00€ par mois
Programmation :

Horaires aménageables
Travail en journée

Lieu du poste : Télétravail hybride (94200 Ivry-sur-Seine)"," à partir de 200,00€ ",mois,https://fr.indeed.com/company/Ace-Gaming/jobs/Stage-Assistant-Chef-Projet-9d764dc3d28d87fc?fccid=d7b3fce312412ea6&vjs=3,,,['stage']
14,0,Prácticas Asistente comercial España y América Latina,"{'temps plein', 'stage', 'télétravail temporaire (covid-19)'}",,,,GlobeSailor SAS,75017 Paris 17e,"GlobeSailor SAS (www.globesailor.es) es la agencia líder del alquiler de barcos en todo el mundo. Con más de 10.000 barcos y 900 empresas de chárter, es el líder mundial de las vacaciones en barco. Empresa joven y dinámica con sede en París, donde buscamos una persona en prácticas que ayude con el soporte al equipo comercial en español.
MisionesLa persona en prácticas trabajará junto con el equipo comercial y se encargará de la negociación entre clientes y empresas de chárter. Las principales tareas estarán ligadas al departamento comercial: gestión y asistencia a clientes, negociación.
Perfil

Capacidad de trabajar en autonomía
Óptimas competencias comerciales
Interés y conocimiento en el mundo náutico (pasión por la vela y experiencia náutica)
Español como lengua materna
Conocimiento del francés y el inglés
Conocimiento de Internet e interés por las nuevas tecnologías
Buena capacidad de relación

Contrato: prácticas de 6 meses (inicio de las prácticas en marzo 2022) – Convención de stage, convención de prácticas obligatoria
Entrevista: primera entrevista por teléfono y segunda entrevista en la sede de ParísLugar: París
Télétravail

Temporairement en raison du COVID-19

Tipo de puesto: Tiempo completo, Beca / prácticasDuración del contrato: 6 meses
Expérience:

commercial H/F: 1 an (Optionnel)

Langue:

Espagnol (Exigé)

Permis/certificat:

Permis B (Optionnel)

Disposition à l'égard des déplacements professionnels:

25 % (Optionnel)

Lugar de trabajo: Una ubicación
Fecha de inicio prevista: 13/02/2023",,,https://fr.indeed.com/pagead/clk?mo=r&ad=-6NYlbfkN0BFO1b2yDHRCNrkTo-doepwixsAXPAZBA_qVPBv6z9wuAlTrYo9TqD6hYLn-GrheMjSEEs6jaJpwL0zSRFcb916n7t6JOD1PZ-n7ghr-589fg_b8_iiiF2D_q410KWKmkSiZVc86DDujy8zRmaNkk2ZVE-nBzyRftQdiWg87Xc_KPAOsHjIqGr0livl4E95-FgMXj3ohp6D9R22Bt_Izu_BQD9u7xex9IwfaseyLX5W68oSBi44mXpTaKyyev0xD6zkX9MCi8vDQeTD9L2D5fD5OSQXQHRUsF9cSR-E9LMHqBvkKwy3LQrIhiUwuNUrnHsKfxPqVvTmLRZpQx4sAtl1MCDr7G2l0pQx1JXpD_wacRDi2-97Be5dcdAhNQhbR0L--J_fxf2WUwWK0_aO6oFvQYp9_iqDgXJ8UrtmjN549z2kji-fkhQVsuXz1LTQ2WIeGyyNbTn3fGZULfyyV23NALp4mgQJxWzYltQih2-SNLfuA-JstF_3YqNE0myvEg4xA2RMLVGF3kwvXXD7uC4J0djVG8hUOaA_jLEhw7a5Ufa6oe2_zN4qtIlVctTnPbg-SmwHs57FUw==&xkcb=SoBR-_M3U20M66bezh0ObzkdCdPP&p=4&fvj=1&vjs=3,,,['stage']
15,0,STAGE DE COMPTABILITE H/F,"{'télétravail', 'stage'}","[' CAP ', ' BEP ']",6 mois,01/02/2023,SOLENDRO,Paris 2e (75),"Nous recherchons un(e) étudiant(e) en Comptabilité Générale à temps plein pour une durée de 6 mois.
En collaboration étroite avec les deux co-fondateurs de la société et la comptable, vous serez principalement en charge des missions suivantes :
· Traitement de l’ensemble des opérations courantes (saisie des encaissements et échéances fournisseurs, etc..),
· Suivi et analyse de la trésorerie (Rapprochements bancaires),
· Assurer la bonne comptabilisation des charges, produits et factures,
· Suivi et réalisation des arrêtés comptables,
· Établissement des déclarations fiscales,
· Préparation des données financières dans le cadre de l’établissement des rapports annuels et documents d’informations périodiques.
La liste des missions peut évoluer en fonction de vos propositions et de l’activité.
-------
SOLENDRO
Fondé en Janvier 2012, Solendro.com est le Grand Magasin Online des Sous-Vêtements Masculins. Un distributeur multimarques innovant où se retrouvent toutes les collections et tous les styles de l’Underwear masculin, des plus grandes marques (Dolce & Gabbana, Calvin Klein, Armani) aux jeunes créateurs (Muchachomalo, Dagobear).
Lancé avec l’ambition de devenir le Sarenza des sous-vêtements pour hommes, Solendro.com est une start-up dynamique et ambitieuse qui a réalisé plusieurs campagnes TV et cherche à s’entourer des meilleurs talents pour construire une équipe solide et booster sa croissance.
Vous êtes rigoureux, impliqué et efficace ?
Vous voulez participer à notre « success story » et progresser dans un environnement motivant, drôle et décalé ?
Rejoignez-nous !
------
LE PROFIL
Vous êtes titulaire d’un CAP ou BEP Comptabilité et Finance. Une première expérience à un poste similaire en entreprise ou en cabinet d'expertise comptable est un plus.
Autonome et d’une très grande rigueur, vous êtes force de propositions et vous souhaitez vous investir au sein d'une jeune entreprise en plein essor.
Vous possédez de bonnes capacités d'analyse et de reporting, et d’une bonne maitrise d’Excel.
-------
CONDITIONS
Contrat : Stage uniquement (pas d’apprentissage ni d’alternance)
Durée :  6 mois
Date de démarrage : Février 2023
Lieu de travail :  75002
Rémunération : Fonction de l’expérience
Type d'emploi : StageDurée du contrat : 6 mois
Salaire : 700,00€ par mois
Programmation :

Périodes de travail de 8 heures

Lieu du poste : Télétravail hybride (Paris 2e arrondissement (75))
Date de début prévue : 01/02/2023"," 700,00€ ",mois,https://fr.indeed.com/company/SOLENDRO/jobs/Stage-Comptabilite-444b3290e1a8cfe5?fccid=066c70a780cf2de3&vjs=3,bep,Février 2023,['stage']
16,0,Internship – Corporate Rentals Department (Stage),{'cdd'},"[' master ', ' licence ', ' Cap ', ' Cap ', ' Cap ']",,01/05/2023,Beauchamp Estates,Cannes (06),"Beauchamp Estates provides its corporate clients with the best luxury accommodation during summer and congresses in Cannes such as Mipim, Film Festival and Cannes Lions.
Contract:  Internship
Period: 4 months starting as soon as possible
Intern Daily tasks (4 months): 
You will reinforce the young and dynamic rentals team as part of the organization of the rentals activity, mainly for the Cannes Congresses and the Summer season ! Working under pressure does not scare you, you like having responsibilities and being a real member of the team.
The activity peaks require an extremely professional organization and logic in order to make it happen.
The intern will assist the Congress & Summer rentals team on the below tasks : 

Support the team before, during and after rentals
Help the team to accompany the clients in the organisation of they events/stay
Concierge tasks (helping with the clients needs and finding suppliyers)
Project planning for the organization of the rental activity
Monitor and control each step of the project
Create the clients’ master arrival sheet
Database management (clients/owners/properties)
Update all the information related to properties
Support the rentals departments on a daily basis

The intern will also (this list is non-exhaustive): 

Welcome the clients on arrival
Create a prospection strategy to find new clients and owners

Intern Profile: 

Fluent English/French spoken and written
Very good presentation, communication and analytical skills
Extremely organized
Ability to solve problems and be proactive
Hunger to use business school knowledge in the real world
Driving licence and conveyed (back and forth journey trips)

About Beauchamp Estates: 
Beauchamp Estates is a privately owned property firm with over Forty years of experience in the luxury property market. We sell, acquire, rent and invest in luxury residential homes and commercial properties on behalf of private individuals, landlords, investors, family trusts, developers and corporations. Beauchamp Estates’ head office is located in prime central London with overseas offices in Cannes, New York, Herzliya and Mykonos.
Founded in 2005, Beauchamp Estates Cannes specializes in the sale and rental of prestigious properties on the French Riviera in cities such as St Tropez, Théoule, Cannes, Mougins, Cap d’Antibes, Villefranche sur mer, St Jean Cap Ferrat, Beaulieu sur mer, Eze, Monaco, Roquebrune Cap Martin and in Provence.
Beauchamp Estates Cannes provides clients with a comprehensive range of services delivered in a highly professional, personal and discrete manner:

Sales
Seasonal Rentals
Corporate Rentals
Property Management

Salaire : 3,90€ par heure
Programmation :

Périodes de travail de 8 heures
Travail en journée

Type de contrat :

CDD

Formation:

Bac +4 (Maîtrise) (Exigé)

Langue:

Anglais (Exigé)

Lieu du poste : Déplacements fréquents
Date de début prévue : 01/05/2023",,,https://fr.indeed.com/pagead/clk?mo=r&ad=-6NYlbfkN0DLWr0FuvwmpNY589ecXM0wpB-l41nBtAe9mv-PvJGiqbMtanNgRHJEMrb7jzrOnXVOZb8qDJn7x3pd6JGXbvP-CfmvV2KMBN2bJNHoxOi0ngkWlR2VD6bFoWhPiiIJXfL_b1Fep4w4l4kRBsGVg-4SgUyZvMOKN1Kwq88GuPX7WjwwsbnxzBMT8aJ_gVXDlMOQugwJfh11NawmpRpcGLCkmBHL6Yd1MvAYVdN-IXEn_krr5m_8gwakHYCb2eIgpBFG5my8D9CbYpYJYRsYsbbSlkIXQqdfWX8xddEWbyUixg7mNdp7HAtrhVeSDTSWC6EJElaBOcKhrXXpOfGOnOoBjDvNLy2zRZFYT3t8xw2gleEjrArF5SxihcsrncsxsXj_MzSpHDhlMbZM59bzlf5KR5U1Af2AtnmI60-nlZr8qBPMpTbtAa2YsKI9jij-bwppmV62qQBBENIOCIp3BkRN7xIWNMWC3bCo56qkvjc-5BGnwm4jcQNjxZCYGYPFXTM=&xkcb=SoAH-_M3U20M667ezh0KbzkdCdPP&p=6&fvj=1&vjs=3,bac+5,Mai 2023,['cdd']
17,0,Stage - Client Voice - Data Analyst,"{'temps plein', 'stage'}",['Bac +4/+5'],4 à 6 mois,,Club Med,La Villette (75),"
 Office - Intern (Fixed Term) (Trainee)
 
   - - - - - - - - - - - -
 

   Entreprise
 


   Inventeur il y a plus de 70 ans du concept de club de vacances, l’ambition de Club Med est de devenir le leader mondial des vacances tout compris, haut de gamme, conviviales et multiculturelles.
 


   Présent dans plus de 60 pays, Club Med propose une offre très variée : plus de 70 resorts répartis sur cinq continents, des croisières sur le cinq mats Club Med 2, des circuits Découverte et aujourd’hui des Villas, Chalets et Suites-Appartements d’exception.
 


   Terrain d'apprentissage reconnu pour de nombreuses écoles de haut niveau, le siège du Club Med offre l’opportunité d’effectuer une période en entreprise dans des fonctions supports variées.
 


   Poste
 

   Au sein de la direction Global Marketing, Digital & Technology, rattaché au département Data Science & Artificial Intelligence, nous proposons un stage pour participer à la transformation data du Club Med avec un focus sur nos sujets Client Voice (satisfaction client). La satisfaction et l’insight client sont au cœur de toutes les activités du Club Med. En tant qu’Analyst Client Voice rattaché au responsable du pôle Client Voice vous aurez pour rôle d’exploiter les données de satisfaction client (questionnaire de satisfaction interne, Tripadvisor, Google, données clients, …) et de travailler avec les équipes opérationnelles afin de mieux comprendre leurs besoins. L’objectif de votre stage sera d’industrialiser la démarche de reportings ainsi que l’exploration des insights clients en collaboration avec le responsable Client Voice et avec les interlocuteurs métiers.
 


   Missions
 


   Être partenaire de l’ensemble des métiers qui suivent la satisfaction client (Marketing, RH, Opération en village, …)
 



     Prendre part aux échanges avec les équipes métier afin de comprendre leurs problématiques et collecter leurs besoins. Cela sera un enjeu clé pour pouvoir mettre à disposition les bonnes données et les bons KPI
   


     S’assurer de la bonne compréhension et du bon usage des outils et des données par les métiers pour démocratiser et faciliter l’accès de tous à la donnée
   


   Piloter et analyser la satisfaction client
 



     Mettre à jour les reportings de suivi de la satisfaction client, les optimiser et les automatiser quand cela est possible
   


     Répondre aux demandes d’analyses des différents services internes (Marketing, RH, Prestation, Villages…) en lien avec la satisfaction des clients et travailler à l’automatisation de ces demandes
   


     Mener à bien au moins une étude quantitative / qualitative structurante pour le Club Med (sujet à définir ensemble) et utiliser la data science ou IA quand c’est nécessaire
   


   Participer à la transformation des outils data du Club Med
 



     Accompagner la mise en place de notre nouvelle application « Client Voice » sur PowerBI ainsi que de son adoption (création de book de formation et de contenu e-learning video)
   



   Profil
 



     De formation niveau Bac +4/+5, type école de commerce ou université, vos expériences passées te permettent d’être à l’aise avec les chiffres et les problématiques Business & Marketing
   


     Vous maitrisez parfaitement le Pack Office (Excel avancé) et vous avez idéalement des connaissances sur les outils : BigQuery / GCP et Power BI (Connaissance de SAS ou Qlikview serait un plus)
   


     Vous écrivez et parlez couramment anglais
   


     Vous avez des qualités rédactionnelles, de synthèse et d’analyses
   


     Une première expérience dans l’analyse des données serait un plus
   



   Modalités
 



     Poste en Stage de 4 à 6 mois à pourvoir dès maintenant
   


     Basé au siège de Paris dans le 19e arrondissement
   


     Tous nos postes sont ouverts aux personnes en situation de handicap
   


     Politique de télétravail actuelle : 8 jours / mois en accord avec l'équipe et 1 jour minimum par semaine de présence sur site ; possibilité de poser une semaine complète tous les trimestres
   


",,,https://fr.indeed.com/rc/clk?jk=9423ec2e11bc79fd&fccid=7c3483d3037c93bd&vjs=3,bac+4,,['stage']
18,0,Stage Levée de fonds - Venture Capital,"{'temps plein', 'stage', 'télétravail', 'alternance'}",['Bac+4/5'],6 mois,,TALAS PARTNERS,92600 Asnières-sur-Seine,"TALAS PARTNERS est une société de conseil à taille humaine en stratégie et financement de l’innovation.
Nos clients sont essentiellement des PME et Startups de haute technologie et nous avons mobilisé plus de 25 Millions € pour leur financement.
Nous accompagnons les dirigeants d'entreprises innovantes de toutes tailles et secteurs d’activités dans leur processus de financement, à savoir :

Le Financement Public : Crédit Impôt Recherche, Crédit Impôt Innovation, Statut Jeune Entreprise Innovante, IP Box, Subventions régionales, nationales ou européennes ;


Le Financement Privé : Augmentation de capital (Fonds d'investissement et/ou Business Angels, Crowdfunding, dette)
Formation : Montage de dossiers de financement, création Business Plan, montage prévisionnels, création d'entreprise

Dans le cadre de l'accompagnement de nos clients sur leurs opérations de levée de fonds, nous recherchons un Analyste junior pour une alternance ou un stage long de 6 mois.
Le capital risque t'intéresse et tu souhaites participer à des levées de fonds pour rencontrer des investisseurs et permettre aux startups d'être financées ? Alors, envoies-nous vite ton CV !
En collaboration directe avec l'équipe dirigeante, tu seras impliqué dans le processus de levée de fonds des startups que nous accompagnons.
Tes missions seront notamment de participer à :

La rédaction de Pitch Deck et Executive Summary
La préparation de Business Plan
Identifier les investisseurs potentiels et les qualifier
Participer aux road shows

Profil recherché : 

Niveau Bac+4/5 en finance d'entreprise (Private Equity, Capital Innovation, M&A)
Bakcground scientifique apprécié
Une connaissance de l'écosystème startup et du capital risque
Maitrise d'Excel et Powerpoint (ou Canva)
Curiosité, facilité à communiquer, esprit d'analyse et de synthèse fort

Au-delà de ton CV, explique-nous concrètement ce qui t'intéresse dans le cadre de ce stage et dans l'univers des startups !
Enfin, nous sommes un cabinet avec un personnel très sympa où chacun pourra évoluer et monter en compétences : )
Type d'emploi : Temps plein, Alternance, Stage
Salaire : 1 000,00€ à 1 800,00€ par mois
Avantages :

Horaires flexibles
Participation au Transport
Titre-restaurant

Programmation :

Du Lundi au Vendredi
Travail en journée

Types de primes et de gratifications :

Prime annuelle

Lieu du poste : Télétravail hybride (92600 Asnières-sur-Seine)"," 1 000,00€ à 1 800,00€ ",mois,https://fr.indeed.com/company/TALAS-PARTNERS/jobs/Stage-Lev%C3%A9e-Fonds-792d6df155d7a319?fccid=863ce58771a3286c&vjs=3,bac+4,,"['alternance', 'stage']"
19,0,Stagiaire Chef de projets Event H/F,{'stage'},"['formation supérieur', ' Master ']",4 mois,03/04/2023,TAC-TIC MEDIA,La Garenne-Colombes (92),"Tac-tic media est une agence de communication évènementielle qui dispose de 7 bureaux en France et en Belgique. Depuis 15 ans, tac-tic media propose des campagnes de Drive to Store ainsi que des roadshow à des marques et enseignes nationales et internationales.
Au sein du service production, vous serez en charge d'apporter votre aide à la réalisation de nos campagnes de street marketing et media tac tic :
PRODUCTION : 
· Création du dossier de campagne (brief, mapping, suivi GPS, …),
· Le recrutement des hôtes et hôtesses : rédaction et publication des annonces de recrutement sur les sites partenaires et gestion des candidatures,
· Suivi quotidien des campagnes (terrain et bureau),
· Réalisation des bilans de campagne (évaluation, compte rendu, …),
COORDINATION TERRAIN : 
· Préparation du matériel en relation avec le responsable logistique
· Accueil, briefing, management et évaluation des équipes hôtes et hôtesses sur le terrain
· Assurer le bon déroulement de la campagne
· Prises de vues (photos et vidéos)
· Compte rendu de fin de mission
Profil:
De formation supérieure (BAC +2 à BAC +5) (école de communication, école de commerce ou université), vous disposez des qualités suivantes :
Vos atouts et qualités :
· Un excellent sens de l’écoute
· Réactif, rigoureux, dynamique et autonome
· Votre charisme, sens des responsabilités, du management et du travail en équipe seront des atouts indispensables à votre réussite
Poste basé à La Garenne Colombes (T2) à 10 minutes à pied de la Défense.
Type d'emploi : Stage
Avantages :

Participation au Transport
Titre-restaurant

Programmation :

Travail en journée

Types de primes et de gratifications :

Primes

Formation:

(Licence / Bachelor / Master ) (Optionnel)

Expérience:

Chef de projet H/F: 1 an (Optionnel)

Permis/certificat:

Permis B (Exigé)

Date de début prévue : 03/04/2023
Type d'emploi : StageDurée du contrat : 4 mois
Salaire : 600,00€ à 800,00€ par mois
Avantages :

Participation au Transport
Titre-restaurant

Programmation :

Du Lundi au Vendredi
Travail en journée

Types de primes et de gratifications :

Primes

Permis/certificat:

Avez vous le permis de conduire ? (Exigé)

Lieu du poste : Un seul lieu de travail
Date limite de candidature : 06/03/2023Date de début prévue : 03/04/2023"," 600,00€ à 800,00€ ",mois,https://fr.indeed.com/pagead/clk?mo=r&ad=-6NYlbfkN0DZQOl8Mo5L-pCRLDNmiGV89C-PuHTRi8xmNqxKFia445SrlXyqbT06IExRfiTRip243xzPHE4RTA2gr6uZ7bYT3NMZCurkpjYGSGOu1q3zlJPl9smu6qKIdke-PPGGtJVuKoW5ugjlWq_l8NOSVeUHIEiiGX6wKS6yEE-1cnL1Q3Wdf-qxFvxBgoN93oW2vOPJoPdtDM62H8GZN8xuHsOC3nRx-xP-OwDNvb24gMbpLBNjDDH27pibsWoSEzN6KIxMQL5fDEpXBJ03dpy5GJOaevFWkM0iYBgMUf2OTrwdcaGur5zZGJA4BP0QcTLlBAFdt1dMyavPSx7r5Ef019dv5aoACouImsIaKO03j6GUbYldrt_yjFXTIBjCJC1r3-a-IuQ60E8SKOhGwjhAbcoooJ12kDZgz7_OxDmBjptRk1QcBC-GL9t1Y-QSWkKFKmXGEYphYeMP7F6NAFxsEdSU6kHHsz-5JKzIg_yGePMqhKD4F3aurEEiBfDBZM2ZUMr4iatGIHOnvw==&xkcb=SoBJ-_M3U20M667ezh0AbzkdCdPP&p=9&fvj=1&vjs=3,bac+5,Avril 2023,['stage']
20,0,Marketing d’influence en alternance H/F,{'alternance'},,,,NEGOMARKETS,75015 Paris 15e,"Bobochic est une entreprise d’e-commerce française créée en 2015, leader dans le domaine de la décoration et du meuble.
Nous sommes des passionnés désirant offrir une nouvelle vision de la décoration d’intérieur. Nous commercialisons tous nos meubles avec passion et exigence, dans l’optique de répondre à chacune de vos attentes.
Bobochic est avant-gardiste tout en étant authentique. D’abord connu et reconnu pour ses iconiques canapés au style scandinave, le champ d’expertise de la marque s’étend pour conquérir presque toutes les pièces de la maison, de la cuisine au jardin. Un univers dynamique, inspiré par toutes les formes d’art et des dernières tendances pour combler les attentes d’une communauté grandissante.
Description du poste
Bobochicparis.com poursuit sa croissance et recrute pour ses bureaux à Paris un alternant(e) en marketing d’influence.
Rattaché au l'influence manager, au sein du service marketing, vous aurez en charge plusieurs missions :
· Identifier et établir des relations avec des influenceurs et des leaders d'opinion
· Participer à la mise en place de campagnes d'influence spécifiques
· Élaborer des idées de contenu et assurer la rédaction
· Effectuer de la veille concurrentielle, sur le public cible et les utilisateurs
· Trouver de nouvelles approches créatives aux campagnes d'influence
· Se tenir informé des tendances, des technologies et des influenceurs émergents
· Assurer la liaison avec l'équipe marketing pour créer et coordonner des stratégies de marketing qui fonctionnent sur différents canaux
Compétences requises
· Appétence et connaissance du monde des influenceurs et des médias sociaux
· Connaissance approfondie de l'industrie du marketing des médias sociaux
· Aisance en communication orale et écrite
· Bon sens du relationnel et bon communicant
· Compétences en gestion de projet
· Excellentes compétences interpersonnelles et relationnelles
· Aptitude pour le réseautage
Caractéristiques du poste
· Poste basé à Paris
· Horaires du lundi au vendredi
Avantages
- Carte restaurant
- Possibilité de télétravail partielle
- 30% de réduction sont offerts à l’ensemble des salariés sur les produits Bobochic
Type d'emploi : Alternance
Salaire : 750,00€ à 1 675,00€ par mois
Programmation :

Travail en journée

Lieu du poste : Un seul lieu de travail"," 750,00€ à 1 675,00€ ",mois,https://fr.indeed.com/company/Bobochicparis.com/jobs/Marketing-Influence-Alternance-ad38e723311684d2?fccid=7c27413407b0d094&vjs=3,,,['alternance']
21,0,STAGIAIRE COMPTABILITE / GESTION,"{'stage', 'alternance'}",['Bac+2/3'],6 mois,03/04/2023,LES CAVES DU PARADIS,75001 Paris 1er,"À propos de nous
Les caves du paradis est la société mére d'un groupement d'entreprise dans le domaine du vin et de la gastronomie. Située dans un site exceptionnel en plein coeur de Paris.
Les Caves du paradis est une entreprise jeune, dynamique avec une équipe à son image...
Descriptif du poste :
Vos missions principales seront les suivantes :
- La saisie comptable des factures d’achat ;
- Préparation des règlements fournisseurs ;
- Facturation des partenaires
-Analyse des coûts et recherche d’optimisation
- Il vous sera confier d’autres missions comptables en fonction des besoins.
Description du profil :
De formation Bac+2/3 en comptabilité gestion, vous bénéficiez idéalement d’une première expérience en entreprise.
Doté(e) d’un excellent sens de l’organisation et d’un bon relationnel, vous avez un goût pour le travail collectif.
Type d'emploi : Stage, AlternanceDurée du contrat : 6 mois
Avantages :

Participation au Transport
Titre-restaurant

Programmation :

Du Lundi au Vendredi
Périodes de travail de 8 heures
Repos le week-end
Travail en journée

Lieu du poste : Un seul lieu de travail
Date de début prévue : 03/04/2023",,,https://fr.indeed.com/company/LES-CAVES-DU-PARADIS/jobs/Stagiaire-Comptabilite-d0e584c3fc9fbdce?fccid=5454aa85ca1bb283&vjs=3,bac+2,Avril 2023,"['alternance', 'stage']"
22,0,Stage - Client Voice - Data Analyst,"{'temps plein', 'stage'}",['Bac +4/+5'],4 à 6 mois,,Club Med,La Villette (75),"
 Office - Intern (Fixed Term) (Trainee)
 
   - - - - - - - - - - - -
 

   Entreprise
 


   Inventeur il y a plus de 70 ans du concept de club de vacances, l’ambition de Club Med est de devenir le leader mondial des vacances tout compris, haut de gamme, conviviales et multiculturelles.
 


   Présent dans plus de 60 pays, Club Med propose une offre très variée : plus de 70 resorts répartis sur cinq continents, des croisières sur le cinq mats Club Med 2, des circuits Découverte et aujourd’hui des Villas, Chalets et Suites-Appartements d’exception.
 


   Terrain d'apprentissage reconnu pour de nombreuses écoles de haut niveau, le siège du Club Med offre l’opportunité d’effectuer une période en entreprise dans des fonctions supports variées.
 


   Poste
 

   Au sein de la direction Global Marketing, Digital & Technology, rattaché au département Data Science & Artificial Intelligence, nous proposons un stage pour participer à la transformation data du Club Med avec un focus sur nos sujets Client Voice (satisfaction client). La satisfaction et l’insight client sont au cœur de toutes les activités du Club Med. En tant qu’Analyst Client Voice rattaché au responsable du pôle Client Voice vous aurez pour rôle d’exploiter les données de satisfaction client (questionnaire de satisfaction interne, Tripadvisor, Google, données clients, …) et de travailler avec les équipes opérationnelles afin de mieux comprendre leurs besoins. L’objectif de votre stage sera d’industrialiser la démarche de reportings ainsi que l’exploration des insights clients en collaboration avec le responsable Client Voice et avec les interlocuteurs métiers.
 


   Missions
 


   Être partenaire de l’ensemble des métiers qui suivent la satisfaction client (Marketing, RH, Opération en village, …)
 



     Prendre part aux échanges avec les équipes métier afin de comprendre leurs problématiques et collecter leurs besoins. Cela sera un enjeu clé pour pouvoir mettre à disposition les bonnes données et les bons KPI
   


     S’assurer de la bonne compréhension et du bon usage des outils et des données par les métiers pour démocratiser et faciliter l’accès de tous à la donnée
   


   Piloter et analyser la satisfaction client
 



     Mettre à jour les reportings de suivi de la satisfaction client, les optimiser et les automatiser quand cela est possible
   


     Répondre aux demandes d’analyses des différents services internes (Marketing, RH, Prestation, Villages…) en lien avec la satisfaction des clients et travailler à l’automatisation de ces demandes
   


     Mener à bien au moins une étude quantitative / qualitative structurante pour le Club Med (sujet à définir ensemble) et utiliser la data science ou IA quand c’est nécessaire
   


   Participer à la transformation des outils data du Club Med
 



     Accompagner la mise en place de notre nouvelle application « Client Voice » sur PowerBI ainsi que de son adoption (création de book de formation et de contenu e-learning video)
   



   Profil
 



     De formation niveau Bac +4/+5, type école de commerce ou université, vos expériences passées te permettent d’être à l’aise avec les chiffres et les problématiques Business & Marketing
   


     Vous maitrisez parfaitement le Pack Office (Excel avancé) et vous avez idéalement des connaissances sur les outils : BigQuery / GCP et Power BI (Connaissance de SAS ou Qlikview serait un plus)
   


     Vous écrivez et parlez couramment anglais
   


     Vous avez des qualités rédactionnelles, de synthèse et d’analyses
   


     Une première expérience dans l’analyse des données serait un plus
   



   Modalités
 



     Poste en Stage de 4 à 6 mois à pourvoir dès maintenant
   


     Basé au siège de Paris dans le 19e arrondissement
   


     Tous nos postes sont ouverts aux personnes en situation de handicap
   


     Politique de télétravail actuelle : 8 jours / mois en accord avec l'équipe et 1 jour minimum par semaine de présence sur site ; possibilité de poser une semaine complète tous les trimestres
   


",,,https://fr.indeed.com/rc/clk?jk=9423ec2e11bc79fd&fccid=7c3483d3037c93bd&vjs=3,bac+4,,['stage']
23,0,STAGE - Assistant Chef de projet Développement Produits (F/H),{'stage'},,,,Sephora,Neuilly-sur-Seine (92),"
Chez Sephora, nous sommes unis et défendons nos convictions : liberté, exploration, opportunité d’embellir la vie des gens grâce au pouvoir illimité de la beauté. Nous accueillons l’unique, libérons la créativité et encourageons le progrès tous les jours. Nourrie par l’énergie et l’enthousiasme, notre passion est contagieuse. Nous sommes liés par une même ambition : réimaginer le futur de la beauté. Réimaginer votre futur, avec Sephora.

 Vous excellerez et vous épanouirez dans ce poste si vous êtes prêt à…
 

Découvrir les étapes du développement produits en sous-traitance / relations fournisseurs 
 Comprendre les attentes et exigences des produits cosmétiques 
 Travailler en équipes pluridisciplinaire (marketing – achats – réglementaire – qualité – développement pack – approvisionnement logistique) 
 Découvrir la gestion de projets


 Projets transverses

 Participer à la veille & sourcing actifs (ingrédients) : mise à jour de la base de données actifs, recherche de nouveaux actifs auprès des fournisseurs en lien avec les attentes marketing 
 Participer à l’innovation produits : gestion de l’organisation et suivi des meetings innovation produits avec nos fournisseurs 
 Mettre à jour des process développement


 Projets opérationnels

 Développer de nouveaux produits : suivi et gestion de projets en développement pour venir en renfort de l’équipe

 N’hésitez plus à postuler si vous avez…ou si vous êtes…
 

Etudiant(e) en Ecoles d’ingénieur. Exemples d’Ecoles ou Facultés spécialisées en cosmétiques : ISIPCA, IPIL Faculté de Pharmacie de Lyon, EBI, Faculté de Pharmacie de Chatenay Malabry, Faculté de Pharmacie de Nantes 
 Doté(e) d'un Anglais professionnel 
 Dynamique, adaptable, réactif(ve), capable de gérer des projects complexes, polyvalent(e), organisé(e), rigoureux(se) 
 Doté(e) d'un fort esprit d'équipe, une bonne capacité d'intégration et un excellent relationnel


 Une première expérience dans le domaine serait un plus !

 Lors de votre expérience chez Sephora, vous apprécierez...
 
« Évoluer »

 Entouré de talents passionnés, enthousiastes et créatifs. 
Vous intégrerez des équipes disruptives avec qui vous serez fier de collaborer.

 « Vous développer »

 Nous investissons dans la formation, le suivi de nos collaborateurs et nous les accompagnons tout au long de leur parcours chez Sephora.
 Vous pourrez ainsi apprendre et grandir sans cesse dans un environnement stimulant.
 
« Notre culture »

 Leader global de la beauté et soutenu par la marque de luxe LVMH, nous avons toujours quelque chose à explorer. C’est dans notre ADN d’innover, d’expérimenter et d’avoir une vision colorée et disruptive. Et c’est cette attitude audacieuse qui exprime notre différence et notre passion.
 Vous pourrez ainsi libérer et exprimer votre créativité. Nos talents font la différence !

 Notre objectif commun est de réinventer l’avenir de la beauté.

 SEPHORA recrute et reconnaît tous les talents
",,,https://fr.indeed.com/rc/clk?jk=aa688b145dd93c0e&fccid=afda98bfc8224b19&vjs=3,,,['stage']
24,0,STAGE - ASSISTANT EN CHARGÉ BANQUE AU QUOTIDIEN H/F,{'stage'},"[' Licence ', ' Master ']",,,Caisse d'Epargne Ile de France,Paris (75),"
Description de l'entreprise
 La Caisse d’Épargne Île-de-France, (CEIDF), recrute ! En tant que banque régionale coopérative depuis plus de 200 ans, nous faisons partie du groupe BPCE, dont la culture de l’excellence et la solidité sont reconnues depuis plusieurs décennies sur le territoire francilien.
 
Notre réseau ? Forts de nos 430 agences et 22 centres d’affaires en Île-de-France, nous bénéficions d’un ancrage territorial dense.
 
Notre effectif ? Près de 4500 collaborateurs, ont fait le choix de rejoindre la Caisse d’Épargne Île-de-France : une véritable équipe d’experts engagés et proches de leurs clients.
 
Notre mission ? Nous accompagnons quotidiennement nos 3 millions de clients et nos 700 000 sociétaires sur l’ensemble de leurs projets : vous avez dit satisfaction client ?
 
Notre dernière réussite ? La Caisse d’Épargne Île-de-France est engagée en faveur de la mixité et de l’égalité professionnelle et a obtenu en 2022 le renouvellement du label AFNOR visant à l’égalité entre les femmes et les hommes.
 
Notre ambition ? Notre priorité est d’offrir à nos clients et à nos équipes le meilleur de la relation humaine et digitale, le tout dans un esprit bienveillant et collaboratif !
 Poste et missions
 En qualité d’Assistant Chargé Banque au Quotidien, vos missions seront :

Assister les Chargés Banque au Quotidien dans la gestion de leurs portefeuilles de clients en binômes avec les directeurs de clientèle Grands Comptes (Grandes Entreprises, Logement Social, Institutionnels, Santé).




Contribuer à la réalisation des objectifs commerciaux par : la collecte des documents réglementaires auprès des clients Grands Comptes, l'ouverture des comptes, proposer des produits et services adaptés aux clients, la mise à jour du KYC, compléter et transmettre les avenants EDI, répondre aux besoins des clients (oppositions, attestations diverses, opérations sur titres, OPC, parts sociales). 

Cette expérience vous permettra la découverte du métier de Chargé d’Affaires dans le secteur bancaire.  Vous renforcerez vos compétences en matière d’analyse financière et de mise en place d’offres de financement personnalisées.  Vous développerez vos capacités commerciales dans le cadre des relations avec des chefs d’entreprises et directeurs financiers.
 Profil et compétences requises
 Étudiant de niveau bac+3 en université/école de commerce (formation de type Licence / Master Banque Finance).  Vous êtes à l’aise sur la partie commerciale, et avez de bonnes capacités d’analyse et de synthèse. Autonomie, rigueur, sérieux associées à un excellent relationnel sont des atouts indispensables pour la réussite des missions confiées.  Période souhaitée : Avril / Septembre - 6 mois
 Informations complémentaires sur le poste
 À l’issue de ce stage, de réelles opportunités d’emploi et d’évolution de carrière vous seront proposées.
",,,https://fr.indeed.com/pagead/clk?mo=r&ad=-6NYlbfkN0CFvUw5Up5U6WDRJvSDstZwT02HwQ1GOgioG0dKOI2qcsxL0MuJ9tyojVsARgI3P5Vvssj0K_w0lagrXqhwE2Su3C3VLVk_kDrtx7_bZv6iJTRthM_T8QQAilImtVbycVXNtv2jN5texw0rEgkxzKdMgjMuQrMCJmlwSVhU6FzLzG7iEMCfMppjz0EF2NdBB9HergxV90NgRKFjzlQ3yU8LGUvFqTeYom4LOVl3mx43wDeQKo1nQuy7o1w44MUmSNmppyChHwE7x0FOWJc-iFJsNUKlBWSCTa0nSWh_6JvAhEY_hKnuySBdpgWYQkgdTKguJY39JgBcGdzxbzFWnPGVKSUrsgLiCWPtgpZkiBBbrjfQ_bb3elM16wdARXh09S3HVmSR80T8xmCrF9W-bYttnpsq-hIG9uxBZHgdD_l9SdkRP38wWZHPTSgro6Grtg0-d5vZjAqppmC76pDaHRy8_JKH9aPcQGogP8y1zb2IGp91YLX2apnGHRhPHqQcqSIRgMBTs41Pw9O7AhVMxC2Q4Bol1JnUf7IJBm0FOdWWNwW8JGvg7SiR56UyveXhMYQjWPaAgc9hc6PES7jRD7G66y6SGNHDNSkzCRoH5ltGiw==&xkcb=SoBd-_M3U20dBDxZSB0LbzkdCdPP&p=4&fvj=0&vjs=3,bac+5,,['stage']
25,0,Stagiaire assistant de gestion H/F,{'stage'},,5 mois,01/02/2023,Académie Adeline Toniutti,Paris 9e (75),"Assistance à l'organisation et à la vie de l'école

Gestion de l’agenda
Impressions
Préparation de dossiers d'inscriptions et de suivi des élèves
Réservations de studios de répétition
Aide à l'organisation des événements : spectacles, masterclasses
Réponses aux mails et appels téléphoniques

Contact avec les élèves et élèves prospects :

Relances téléphoniques et entrées dans le CRM
Relationnel et contact avec les élèves et prospects

Type d'emploi : StageDurée du contrat : 5 mois
Salaire : 620,00€ à 850,00€ par mois
Programmation :

Travail en journée

Lieu du poste : Un seul lieu de travail
Date de début prévue : 01/02/2023"," 620,00€ à 850,00€ ",mois,https://fr.indeed.com/company/Acad%C3%A9mie-Adeline-Toniutti/jobs/Stagiaire-Assistant-Gestion-72a5ffa149c107bf?fccid=218a5903fc376e36&vjs=3,,Février 2023,['stage']
26,0,Chargé de projet environnement - Stage,"{'télétravail', 'stage'}",[' Master '],6 mois,,EGREEEN,75018 Paris 18e,"Société 
eGreen est une start-up spécialisée dans la réduction de l’empreinte environnementale de ses clients au travers de l’analyse des données de consommation et des sciences du comportement. La société a développé différentes solutions pour favoriser le développement durable et réduire les charges énergétiques des bâtiments : une plateforme de monitoring, une application de sensibilisation avec des challenges, un jeu de sensibilisation grand public ainsi que des Nudges.
Nous sommes dans les locaux de Paris&Co dans le 18e, un incubateur de start-up avec son baby-foot et son toit terrasse !
Missions et activités 
Ton rôle sera de contribuer à réduire l’empreinte environnementale de nos clients en déployant les solutions développées par eGreen d’analyse des données de consommation des bâtiments et de sensibilisation aux comportements éco-responsables.
Ton objectif principal sera ainsi de mettre en œuvre les projets auprès de nos clients et d’en assurer leur bonne réalisation. Tu accompagneras les projets et prendras part à leur exécution (actions terrain, paramétrage des outils numériques, analyse de données, présentations clients).
Tu seras ainsi amené(e) à :

Participer à la réalisation des projets et assurer leur bon déroulement
Déployer la solution en paramétrant la plateforme
Accompagner les clients de la société dans leur démarche de réduction des consommations
Animer des démarches de sensibilisation et assurer leur bonne mise en œuvre
Mener des missions de veille et d’analyse dans les champs de l’efficacité énergétique, des sciences comportementales, et de l’internet des objets

Tu seras bien sûr formé(e) et accompagné(e) dans ces différentes missions !
ProfilÉtudiant d’école d’ingénieur ou de Master spécialisé.
Tu aimerais travailler pour une société dynamique, innovante et en croissance où tes actions auront un impact réel ? Tu souhaites donner du sens à ton travail ? Tu es ouvert(e), curieux(se), dynamique, autonome, avec un grand sens relationnel et sensible au développement durable ? Ce poste est fait pour toi !
Type d'emploi : StageDurée du contrat : 6 mois
Salaire : à partir de 660,00€ par mois
Avantages :

Participation au Transport
RTT

Programmation :

Du Lundi au Vendredi

Formation:

Bac +5 (Master / MBA) (Optionnel)

Lieu du poste : Télétravail hybride (75018 Paris 18e)"," à partir de 660,00€ ",mois,https://fr.indeed.com/company/eGreen/jobs/Charg%C3%A9-Projet-Environnement-19ecbf75c2581ddd?fccid=54ce07dade603bfa&vjs=3,bac+5,,['stage']
27,0,STAGE DE COMPTABILITE H/F,"{'télétravail', 'stage'}","[' CAP ', ' BEP ']",6 mois,01/02/2023,SOLENDRO,Paris 2e (75),"Nous recherchons un(e) étudiant(e) en Comptabilité Générale à temps plein pour une durée de 6 mois.
En collaboration étroite avec les deux co-fondateurs de la société et la comptable, vous serez principalement en charge des missions suivantes :
· Traitement de l’ensemble des opérations courantes (saisie des encaissements et échéances fournisseurs, etc..),
· Suivi et analyse de la trésorerie (Rapprochements bancaires),
· Assurer la bonne comptabilisation des charges, produits et factures,
· Suivi et réalisation des arrêtés comptables,
· Établissement des déclarations fiscales,
· Préparation des données financières dans le cadre de l’établissement des rapports annuels et documents d’informations périodiques.
La liste des missions peut évoluer en fonction de vos propositions et de l’activité.
-------
SOLENDRO
Fondé en Janvier 2012, Solendro.com est le Grand Magasin Online des Sous-Vêtements Masculins. Un distributeur multimarques innovant où se retrouvent toutes les collections et tous les styles de l’Underwear masculin, des plus grandes marques (Dolce & Gabbana, Calvin Klein, Armani) aux jeunes créateurs (Muchachomalo, Dagobear).
Lancé avec l’ambition de devenir le Sarenza des sous-vêtements pour hommes, Solendro.com est une start-up dynamique et ambitieuse qui a réalisé plusieurs campagnes TV et cherche à s’entourer des meilleurs talents pour construire une équipe solide et booster sa croissance.
Vous êtes rigoureux, impliqué et efficace ?
Vous voulez participer à notre « success story » et progresser dans un environnement motivant, drôle et décalé ?
Rejoignez-nous !
------
LE PROFIL
Vous êtes titulaire d’un CAP ou BEP Comptabilité et Finance. Une première expérience à un poste similaire en entreprise ou en cabinet d'expertise comptable est un plus.
Autonome et d’une très grande rigueur, vous êtes force de propositions et vous souhaitez vous investir au sein d'une jeune entreprise en plein essor.
Vous possédez de bonnes capacités d'analyse et de reporting, et d’une bonne maitrise d’Excel.
-------
CONDITIONS
Contrat : Stage uniquement (pas d’apprentissage ni d’alternance)
Durée :  6 mois
Date de démarrage : Février 2023
Lieu de travail :  75002
Rémunération : Fonction de l’expérience
Type d'emploi : StageDurée du contrat : 6 mois
Salaire : 700,00€ par mois
Programmation :

Périodes de travail de 8 heures

Lieu du poste : Télétravail hybride (Paris 2e arrondissement (75))
Date de début prévue : 01/02/2023"," 700,00€ ",mois,https://fr.indeed.com/company/SOLENDRO/jobs/Stage-Comptabilite-444b3290e1a8cfe5?fccid=066c70a780cf2de3&vjs=3,bep,Février 2023,['stage']
28,0,Stage Assistant chef de projet H/F,"{'temps plein', 'temps partiel', 'stage', 'télétravail'}",,6 mois,,Ace Gaming,94200 Ivry-sur-Seine,"Voici les missions :
Sous la responsabilité du Chef de Projet, vous participerez activement à l'organisation des événements et à la stratégie de croissance de l'Entreprise. Vos missions seront les suivantes :

Gestion du portefeuille clients : RDV et compte rendu, mise à jour des plannings et du budget.


Coordination des prestataires et intervenants


Organisation de la logistique d’un evenement


Réflexion et propositions de stratégies de communication liées à l'animation des réseaux sociaux.


Création de contenu en binôme avec le responsable éditorial


Réflexion éditoriale et rédaction


Analyse du marché et veille constante sur les tendances de l'Esport


Vous êtes organisé(e) et rigoureux(se)


Vous avez une appétence pour le monde de l'événementiel et l'esport


Vous êtes doté(e) d'un bon sens du relationnel


Vous êtes créatif(ve) et faites preuve d'agilité et dynamisme en toutes circonstances


Vous êtes reconnu(e) pour vos belles qualités de savoir-être

Information Stage

Stage de 2 mois à 6 mois
Tu es autonome, rigoureux(se) et structuré(e)

Type d'emploi : Temps plein, Temps partiel, Stage
Salaire : à partir de 200,00€ par mois
Programmation :

Horaires aménageables
Travail en journée

Lieu du poste : Télétravail hybride (94200 Ivry-sur-Seine)"," à partir de 200,00€ ",mois,https://fr.indeed.com/company/Ace-Gaming/jobs/Stage-Assistant-Chef-Projet-9d764dc3d28d87fc?fccid=d7b3fce312412ea6&vjs=3,,,['stage']
29,0,Stage - Assistant Relations Presse Media F/H,{'stage'},,6 mois,mars 2023,Disneyland Paris,Paris (75),"
Résumé du poste:

The Walt Disney Company France recherche pour son service Communication et RP
 « Un(e) stagiaire Assistant(e) Responsable Relations Presse Média F/H » 
Description de l’entreprise :
 The Walt Disney Company est l’une des premières entreprises de divertissement familial et de médias dans le monde. Synonyme d’Entertainment familial de qualité, Disney, qui depuis toujours cultive l’art de raconter des histoires, est en France la première marque de divertissement. La Company en France s’organise autour de 3 grandes activités : Studios (Distribution de films en salle et Marketing de ces films), Media (chaînes linéaires Jeunesse et Découverte, plateforme de streaming Disney+/Star), Produits dérivés. Ces activités sont soutenues par un ensemble de fonctions support : Communication, Relations Presse, Finance, Legal, RH, Localisation des Contenus.
 Moteur de créativité et d’innovation, The Walt Disney Company se renouvelle sans cesse, crée de nouveaux personnages et raconte de nouvelles histoires qui parlent à toutes les générations.
 Description du poste : Type de contrat recherché : stage, 6 mois à partir de mars 2023 
Description de l’équipe/activité : Intégré au service Communication & RP vous êtes rattaché(e) à la responsable communication de Disney + et des chaînes de télévision du groupe (Disney Channel, Disney Junior, National Geographic & National Geographic Wild) pour en assurer la visibilité média.
 Vos principales missions seront :

 Rédaction de communiqués et outils presse
 Participation à l’élaboration d’événements
 Participation à l’organisation d’interviews
 Définition & mise à jour des listes journalistes
 Suivi quotidien avec les journalistes
 Coordination avec les agences (bureau de presse, agences événementielles)
 Coordination avec les équipes Marketing, programmation & localisation
 Rédaction de reporting reprenant les stratégies et résultats de nos campagnes
 Suivi et mise à jour de la Newsroom Disney & de la photothèque
 Rédaction, mise en page et envoie des bulletins pour les chaines et Disney +

 Votre profil :
 Pour ce stage nous sommes à la recherche d’une personne :

 Souhaitant évoluer dans la communication / les relations Presse - Publiques
 Organisée, autonome, polyvalente et mature
 Créative et avec un excellent rédactionnel
 À l’aise en groupe et capable de travailler avec différentes équipes
 Ayant une bonne connaissance des médias français (online et offline)
 Maîtrisant le pack office (Word, Excel, PowerPoint) & avec des notions sur InDesign
 Disposant d’un très bon niveau d’anglais
 Une première expérience réussie en communication serait un plus

 Chaque parcours, chaque compétence et chaque personnalité présente un intérêt et peut correspondre à l’un de nos très nombreux métiers !
 Chez Disney France nous vous recrutons aussi pour vos différences.
 Renseignements complémentaires :
 Poste à pourvoir dès mars 2023 pour une durée de 6 mois situé à Paris 13ème (Métro Bibliothèque François Mitterrand).

",,,https://fr.indeed.com/rc/clk?jk=4fecd51fa7c62f83&fccid=6908893b5c7af08c&vjs=3,,mars 2023,['stage']
